Entidade / Tela,Campo / Atributo,Tipo de Dado,Restrições,Regra de Negócio / Tratamento,Ciclo de Vida do Dado,,,,clinicas,acolhimento,total de buscas,desistencias,usuarios,avanço,entrada,saida,SUCESSO,empenho,vicio,drogas possiveis,drogas usada
Usuário,id_usuario,Inteiro,"Chave primária (PK), Não nulo, Único",identificar do usuário sequencial e gerado no sistema,"Inserção (Create), Consulta (Read), Exclusão (Delete)",,,,marev,,,,,,,,,,,maconha,
Usuário,data_nascimento,Data,Nulo,Armazena a data de nascimento informada pelo usuário,"Inserção (Create), Consulta (Read), Atualização (Update)",,,,moeiah,,,,,,,,,,,heroina,
Usuário,data_cadastro,Data/Hora,Não nulo,Registra automaticamente a data e hora em que o usuário foi cadastrado,"Inserção (Create), Consulta (Read)",,,,CRMC,,,,,,,,,,,cocaina,
Usuário,ultimo_acesso,Data/Hora,Nulo,Registra a data e hora do último acesso do usuário ao sistema,"Consulta (Read), Atualização (Update)",,,,viv,,,,,,,,,,,crack,
Usuário,email_usuario,Texto,Não nulo,Armazena o endereço de e-mail do usuário para identificação e acesso ao sistema.,"Inserção (Create), Consulta (Read), Atualização (Update)",,,,E.C,,,,,,,,,,,tabaço,
Usuário,senha,Texto,Não nulo,Armazena a senha do usuário para permitir a autenticação e o acesso à sua conta.,"Inserção (Create), Consulta (Read), Atualização (Update)",,,,prós-vidas,,,,,,,,,,,metafetamina,
Usuário,nome_usuario,Texto,Não nulo,identifica o usuário,"Consulta (Read), Inserção (Create), Atualização (Update)",,,,CDQF,,,,,,,,,,,antafetamina,
Usuário,localizacao_usuario,Texto,Não nulo,usado para buscar serviços próximos,"Inserção (Create), Consulta (Read), Atualização (Update)",,,,HSM,,,,,,,,,,,MDMA,
Serviços de saúde,endereco_clinica,Texto,Não nulo,Armazena o endereço da clínica para permitir que o usuário localize o serviço de saúde.,"Inserção (Create), Consulta (Read), Atualização (Update)",,,,CJE,,,,,,,,,,,flakka,
Serviços de saúde,atendimento_sem_estigma,Booleano,Não nulo,"Indica se o serviço de saúde oferece atendimento sem estigma, preconceito ou julgamento ao usuário.","Inserção (Create), Consulta (Read), Atualização (Update)",,,,GVN,,,,,,,,,,,mephedrone,
Serviços de saúde,id_servico,Inteiro,Chave primária (PK),identifica o serviço,"Inserção (Create), Consulta (Read)",,,,recomeço,,,,,,,,,,,alcool,
Serviços de saúde,nome_servico,Texto,Não nulo,Identificar o serviço de saúde pelo nome,"Inserção (Create), Consulta (Read), Atualização (Update)",,,,ipq,,,,,,,,,,,fentanil,
Serviços de saúde,latitude,Decimal,Não nulo,Armazenar a latitude da localização do serviço,"Inserção (Create), Consulta (Read), Atualização (Update)",,,,jorge jaber,,,,,,,,,,,morfina,
Serviços de saúde,longitude,Decimal,Não nulo,Armazenar a longitude da localização do serviço,"Inserção (Create), Consulta (Read), Atualização (Update)",,,,greemwood,,,,,,,,,,,oxicodona,
Serviços de saúde,horario_funcionamento,Texto,Não nulo,Informar os dias e horários de funcionamento do serviço,"Inserção (Create), Consulta (Read), Atualização (Update)",,,,Villa san pietro,,,,,,,,,,,codeina,
Serviços de saúde,atende_urgencia,Booleano,Não nulo,Indicar se o serviço realiza atendimento de urgência,"Inserção (Create), Consulta (Read), Atualização (Update)",,,,PNL,,,,,,,,,,,clonazepam,
Serviços de saúde,quantidade_avaliacoes,Inteiro,Não nulo,Armazenar a quantidade de avaliações recebidas pelo serviço,"Consulta (Read), Atualização (Update)",,,,quinta do sol,,,,,,,,,,,diazepam,
Serviços de saúde,avaliacao_servico,Decimal,Nulo,feedback do usuário,"Inserção (Create), Consulta (Read), Atualização (Update)",,,,sentido da vida,,,,,,,,,,,alprozapam,
Serviços de saúde,lista_posto_de_saude,Texto,Não nulo,exibe postos disponiveis,Consulta (Read),,,,leonardo russo,,,,,,,,,,,GBL,
Serviços de saúde,mapa_servicos,Texto,Não nulo,mostra locais no mapa,Consulta (Read),,,,são pietro,,,,,,,,,,,K9,
Serviços de saúde,tipo_atendimento,Texto,Não nulo,ex: psicológico emergência,Consulta (Read),,,,monte sinai,,,,,,,,,,,cetamina,
Chatbot de suporte,id_chatbot,Inteiro,Chave primária (PK),identificador único de cada interação ou seção do chatbot no sitema,"Inserção (Create), Exclusão (Delete)",,,,vida viva,,,,,,,,,,,DMT,
Mensagem,id_mensagem,Inteiro,"Chave primária (PK), Não nulo",Identifica de forma única cada mensagem registrada no sistema.,"Inserção (Create), Consulta (Read)",,,,vila serena,,,,,,,,,,,LSD,
Mensagem,id_conversa,Inteiro,"Chave estrangeira (FK), Não nulo",Identifica a conversa à qual a mensagem pertence e deve corresponder a um id_conversa existente na entidade Conversa.,"Inserção (Create), Consulta (Read)",,,,huxley,,,,,,,,,,,cogumeloa psicobinos,
Mensagem,data_hora,Data/Hora,Não nulo,Registra a data e o horário em que a mensagem ou interação foi realizada.,"Inserção (Create), Consulta (Read)",,,,alianla integral,,,,,,,,,,,xilazina,
Mensagem,mensagem_usuario,Texto,Não nulo,entrada do usuário no chat,"Inserção (Create), Consulta (Read)",,,,novo mundo,,,,,,,,,,,poppers,
Mensagem,resposta_chatbot,Texto,Nulo,gerada com base em protocolos,"Inserção (Create), Consulta (Read)",,,,viva esperança,,,,,,,,,,,carisoprodol,
Mensagem,tecnica_respiracao,Texto,Nulo,mostrada em crise,Consulta (Read),,,,san julian,,,,,,,,,,,captagon,
Mensagem,nivel_crise,Inteiro,Não nulo,varia de 1 a 5,"Inserção (Create), Consulta (Read)",,,,fazenda nacional,,,,,,,,,,,nizatenos,
Mensagem,alerta_risco,Booleano,Não nulo,Indica se a situação informada pelo usuário necessita de atenção ou encaminhamento para um serviço de saúde.,"Inserção (Create), Consulta (Read), Atualização (Update)",,,,,,,,,,,,,,,dipentilona,
Mensagem,tipo_crise,Texto,Nulo,Registra o tipo de situação de crise informado pelo usuário para auxiliar o chatbot no direcionamento adequado.,"Inserção (Create), Consulta (Read), Atualização (Update)",,,,,,,,,,,,,,,mds,
Mensagem,historico_conversa,Texto,Nulo,Armazena o histórico das mensagens trocadas entre o usuário e o chatbot para permitir a continuidade da conversa.,"Inserção (Create), Consulta (Read)",,,,,,,,,,,,,,,tolueno,
Conversa,id_usuario,Inteiro,"Chave estrangeira (FK), Não nulo",Identifica o usuário responsável pela conversa e deve corresponder a um id_usuario existente na entidade Usuário,"Inserção (Create), Consulta (Read)",,,,,,,,,,,,,,,cloreto de metileno,
Conversa,id_chatbot,Inteiro,"Chave estrangeira (FK), Não nulo",Identifica o chatbot utilizado na conversa e deve corresponder a um id_chatbot existente na entidade Chatbot.,"Inserção (Create), Consulta (Read)",,,,,,,,,,,,,,,,
Conversa,id_conversa,Inteiro,"Chave primária (PK), Não nulo, Único",Identifica de forma única cada conversa realizada no sistema,"Inserção (Create), Consulta (Read)",,,,,,,,,,,,,,,,